{
  "diabetes": {
    "accuracy": 0.7483333333333333,
    "f1": 0.3463203463203463,
    "auc": 0.7058120066969623
  },
  "heart": {
    "accuracy": 0.6683333333333333,
    "f1": 0.7741203178206584,
    "auc": 0.6209200370484718
  },
  "stroke": {
    "accuracy": 0.8225,
    "f1": 0.10126582278481013,
    "auc": 0.61588049806821
  },
  "symptom": {
    "accuracy": 0.9835227272727273,
    "f1": 0.9835363861151231
  },
  "weather": {
    "accuracy": 0.922,
    "f1": 0.9205426635123176
  }
}